{"cameraMode":{"drawMode":0,"name":"Shaded","section":"Shading Mode"},"sceneLighting":true,"audioPlay":false,"sceneViewState":{"m_AlwaysRefresh":false,"showFog":true,"showSkybox":true,"showFlares":true,"showImageEffects":true,"showParticleSystems":true,"showVisualEffectGraphs":true,"m_FxEnabled":true},"in2DMode":false,"pivot":{"x":46.621891021728519,"y":46.4218864440918,"z":32.15908432006836},"rotation":{"x":0.5789110064506531,"y":0.0036689965054392816,"z":-0.002605465240776539,"w":0.8153820633888245},"size":30.054340362548829,"orthographic":false}