{"cameraMode":{"drawMode":0,"name":"Shaded","section":"Shading Mode"},"sceneLighting":true,"audioPlay":false,"sceneViewState":{"m_AlwaysRefresh":false,"showFog":true,"showSkybox":true,"showFlares":true,"showImageEffects":true,"showParticleSystems":true,"showVisualEffectGraphs":true,"m_FxEnabled":true},"in2DMode":false,"pivot":{"x":11.491296768188477,"y":-12.658035278320313,"z":10.724617004394532},"rotation":{"x":-0.3245690166950226,"y":-0.38063332438468935,"z":0.14471107721328736,"w":-0.8537119030952454},"size":12.12435531616211,"orthographic":false}